[{"model": "admin.logentry", "pk": 1, "fields": {"action_time": "2022-01-24T17:36:48.429Z", "user": 1, "content_type": 8, "object_id": "1", "object_repr": "1_은미", "action_flag": 1, "change_message": "[{\"added\": {}}]"}}, {"model": "admin.logentry", "pk": 2, "fields": {"action_time": "2022-01-24T17:36:57.495Z", "user": 1, "content_type": 8, "object_id": "2", "object_repr": "2_Jason", "action_flag": 1, "change_message": "[{\"added\": {}}]"}}, {"model": "admin.logentry", "pk": 3, "fields": {"action_time": "2022-01-24T17:37:16.316Z", "user": 1, "content_type": 8, "object_id": "3", "object_repr": "3_Cody", "action_flag": 1, "change_message": "[{\"added\": {}}]"}}, {"model": "admin.logentry", "pk": 4, "fields": {"action_time": "2022-01-24T17:37:30.457Z", "user": 1, "content_type": 8, "object_id": "4", "object_repr": "4_rhl", "action_flag": 1, "change_message": "[{\"added\": {}}]"}}, {"model": "admin.logentry", "pk": 5, "fields": {"action_time": "2022-01-24T17:38:02.084Z", "user": 1, "content_type": 9, "object_id": "1", "object_repr": "2_Jason2022-01-24 17:38:01+00:00", "action_flag": 1, "change_message": "[{\"added\": {}}]"}}, {"model": "admin.logentry", "pk": 6, "fields": {"action_time": "2022-01-24T17:53:17.522Z", "user": 1, "content_type": 9, "object_id": "2", "object_repr": "2_Jason2022-01-11 17:45:59+00:00", "action_flag": 2, "change_message": "[{\"changed\": {\"fields\": [\"Updated at\"]}}]"}}, {"model": "admin.logentry", "pk": 7, "fields": {"action_time": "2022-01-24T17:56:37.819Z", "user": 1, "content_type": 9, "object_id": "3", "object_repr": "2_Jason2022-01-24 17:45:30.125799+00:00", "action_flag": 3, "change_message": ""}}, {"model": "admin.logentry", "pk": 8, "fields": {"action_time": "2022-01-24T17:56:37.829Z", "user": 1, "content_type": 9, "object_id": "5", "object_repr": "2_Jason2022-01-24 17:45:18.630031+00:00", "action_flag": 3, "change_message": ""}}, {"model": "admin.logentry", "pk": 9, "fields": {"action_time": "2022-01-24T17:56:37.857Z", "user": 1, "content_type": 9, "object_id": "4", "object_repr": "2_Jason2022-01-24 17:39:30.406460+00:00", "action_flag": 3, "change_message": ""}}, {"model": "admin.logentry", "pk": 10, "fields": {"action_time": "2022-01-24T17:56:37.869Z", "user": 1, "content_type": 9, "object_id": "1", "object_repr": "2_Jason2022-01-24 17:38:36.662759+00:00", "action_flag": 3, "change_message": ""}}, {"model": "admin.logentry", "pk": 11, "fields": {"action_time": "2022-01-24T17:56:37.879Z", "user": 1, "content_type": 9, "object_id": "2", "object_repr": "2_Jason2022-01-11 17:45:59+00:00", "action_flag": 3, "change_message": ""}}, {"model": "admin.logentry", "pk": 12, "fields": {"action_time": "2022-01-24T18:02:27.043Z", "user": 1, "content_type": 9, "object_id": "15", "object_repr": "3_Cody2022-01-24 18:01:56.296257+00:00", "action_flag": 3, "change_message": ""}}, {"model": "admin.logentry", "pk": 13, "fields": {"action_time": "2022-01-24T19:36:41.448Z", "user": 1, "content_type": 9, "object_id": "11", "object_repr": "1_은미2022-01-02 18:00:13+00:00", "action_flag": 2, "change_message": "[{\"changed\": {\"fields\": [\"Updated at\"]}}]"}}, {"model": "admin.logentry", "pk": 14, "fields": {"action_time": "2022-01-24T19:36:48.846Z", "user": 1, "content_type": 9, "object_id": "7", "object_repr": "1_은미2022-01-21 17:57:15+00:00", "action_flag": 2, "change_message": "[{\"changed\": {\"fields\": [\"Updated at\"]}}]"}}, {"model": "admin.logentry", "pk": 15, "fields": {"action_time": "2022-01-24T19:39:45.091Z", "user": 1, "content_type": 9, "object_id": "13", "object_repr": "3_Cody2022-01-04 18:01:54+00:00", "action_flag": 2, "change_message": "[{\"changed\": {\"fields\": [\"Updated at\"]}}]"}}, {"model": "admin.logentry", "pk": 16, "fields": {"action_time": "2022-01-24T19:41:04.554Z", "user": 1, "content_type": 9, "object_id": "25", "object_repr": "1_은미2022-01-02 19:40:40+00:00", "action_flag": 2, "change_message": "[{\"changed\": {\"fields\": [\"Updated at\"]}}]"}}, {"model": "admin.logentry", "pk": 17, "fields": {"action_time": "2022-01-24T19:41:19.572Z", "user": 1, "content_type": 9, "object_id": "26", "object_repr": "1_은미2022-01-02 19:40:42+00:00", "action_flag": 2, "change_message": "[{\"changed\": {\"fields\": [\"Updated at\"]}}]"}}, {"model": "admin.logentry", "pk": 18, "fields": {"action_time": "2022-01-24T19:41:28.966Z", "user": 1, "content_type": 9, "object_id": "19", "object_repr": "3_Cody2022-01-02 19:40:31+00:00", "action_flag": 2, "change_message": "[{\"changed\": {\"fields\": [\"Updated at\"]}}]"}}, {"model": "admin.logentry", "pk": 19, "fields": {"action_time": "2022-01-24T19:41:39.454Z", "user": 1, "content_type": 9, "object_id": "12", "object_repr": "2_Jason2022-01-07 18:01:48+00:00", "action_flag": 2, "change_message": "[{\"changed\": {\"fields\": [\"Updated at\"]}}]"}}, {"model": "admin.logentry", "pk": 20, "fields": {"action_time": "2022-01-24T19:42:02.270Z", "user": 1, "content_type": 9, "object_id": "32", "object_repr": "2_Jason2022-01-14 19:41:52+00:00", "action_flag": 2, "change_message": "[{\"changed\": {\"fields\": [\"Updated at\"]}}]"}}, {"model": "admin.logentry", "pk": 21, "fields": {"action_time": "2022-01-24T19:42:08.458Z", "user": 1, "content_type": 9, "object_id": "33", "object_repr": "2_Jason2022-01-02 19:41:53+00:00", "action_flag": 2, "change_message": "[{\"changed\": {\"fields\": [\"Updated at\"]}}]"}}, {"model": "admin.logentry", "pk": 22, "fields": {"action_time": "2022-01-24T19:42:13.416Z", "user": 1, "content_type": 9, "object_id": "31", "object_repr": "2_Jason2022-01-01 19:41:52+00:00", "action_flag": 2, "change_message": "[{\"changed\": {\"fields\": [\"Updated at\"]}}]"}}, {"model": "admin.logentry", "pk": 23, "fields": {"action_time": "2022-01-24T19:42:22.488Z", "user": 1, "content_type": 9, "object_id": "29", "object_repr": "2_Jason2022-01-06 19:41:51+00:00", "action_flag": 2, "change_message": "[{\"changed\": {\"fields\": [\"Updated at\"]}}]"}}, {"model": "admin.logentry", "pk": 24, "fields": {"action_time": "2022-01-24T21:32:24.631Z", "user": 1, "content_type": 7, "object_id": "4", "object_repr": "Rolling", "action_flag": 2, "change_message": "[{\"changed\": {\"fields\": [\"Color\"]}}]"}}, {"model": "admin.logentry", "pk": 25, "fields": {"action_time": "2022-01-24T21:32:47.323Z", "user": 1, "content_type": 7, "object_id": "8", "object_repr": "Swimming", "action_flag": 2, "change_message": "[{\"changed\": {\"fields\": [\"Color\"]}}]"}}, {"model": "admin.logentry", "pk": 26, "fields": {"action_time": "2022-01-24T21:33:27.649Z", "user": 1, "content_type": 7, "object_id": "1", "object_repr": "Birding", "action_flag": 2, "change_message": "[{\"changed\": {\"fields\": [\"Description\", \"Youtube url\"]}}]"}}, {"model": "admin.logentry", "pk": 27, "fields": {"action_time": "2022-01-24T21:33:34.623Z", "user": 1, "content_type": 7, "object_id": "1", "object_repr": "Birding", "action_flag": 2, "change_message": "[{\"changed\": {\"fields\": [\"Color\"]}}]"}}, {"model": "admin.logentry", "pk": 28, "fields": {"action_time": "2022-01-24T21:33:43.158Z", "user": 1, "content_type": 7, "object_id": "7", "object_repr": "Reading", "action_flag": 2, "change_message": "[{\"changed\": {\"fields\": [\"Color\"]}}]"}}, {"model": "admin.logentry", "pk": 29, "fields": {"action_time": "2022-01-24T21:34:01.928Z", "user": 1, "content_type": 7, "object_id": "6", "object_repr": "Hugging", "action_flag": 2, "change_message": "[{\"changed\": {\"fields\": [\"Color\"]}}]"}}, {"model": "admin.logentry", "pk": 30, "fields": {"action_time": "2022-01-24T21:34:16.907Z", "user": 1, "content_type": 7, "object_id": "3", "object_repr": "Singing", "action_flag": 2, "change_message": "[{\"changed\": {\"fields\": [\"Color\"]}}]"}}, {"model": "admin.logentry", "pk": 31, "fields": {"action_time": "2022-01-24T21:34:25.648Z", "user": 1, "content_type": 7, "object_id": "5", "object_repr": "Piano", "action_flag": 2, "change_message": "[{\"changed\": {\"fields\": [\"Color\"]}}]"}}, {"model": "admin.logentry", "pk": 32, "fields": {"action_time": "2022-01-24T21:34:37.920Z", "user": 1, "content_type": 7, "object_id": "2", "object_repr": "Pushups", "action_flag": 2, "change_message": "[{\"changed\": {\"fields\": [\"Color\"]}}]"}}, {"model": "admin.logentry", "pk": 33, "fields": {"action_time": "2022-01-24T21:34:47.825Z", "user": 1, "content_type": 7, "object_id": "8", "object_repr": "Swimming", "action_flag": 2, "change_message": "[{\"changed\": {\"fields\": [\"Color\"]}}]"}}, {"model": "admin.logentry", "pk": 34, "fields": {"action_time": "2022-01-24T22:13:54.080Z", "user": 1, "content_type": 7, "object_id": "8", "object_repr": "Swimming", "action_flag": 2, "change_message": "[{\"changed\": {\"fields\": [\"Description\"]}}]"}}, {"model": "admin.logentry", "pk": 35, "fields": {"action_time": "2022-01-24T22:14:49.327Z", "user": 1, "content_type": 7, "object_id": "7", "object_repr": "Reading", "action_flag": 2, "change_message": "[{\"changed\": {\"fields\": [\"Description\", \"Youtube url\"]}}]"}}, {"model": "admin.logentry", "pk": 36, "fields": {"action_time": "2022-01-24T22:15:34.297Z", "user": 1, "content_type": 7, "object_id": "6", "object_repr": "Hugging 🤗", "action_flag": 2, "change_message": "[{\"changed\": {\"fields\": [\"Name\", \"Description\", \"Youtube url\"]}}]"}}, {"model": "admin.logentry", "pk": 37, "fields": {"action_time": "2022-01-24T22:16:23.109Z", "user": 1, "content_type": 7, "object_id": "5", "object_repr": "Piano 🎹", "action_flag": 2, "change_message": "[{\"changed\": {\"fields\": [\"Name\", \"Description\", \"Youtube url\"]}}]"}}, {"model": "admin.logentry", "pk": 38, "fields": {"action_time": "2022-01-24T22:17:28.664Z", "user": 1, "content_type": 7, "object_id": "1", "object_repr": "Birding 🦅🦆", "action_flag": 2, "change_message": "[{\"changed\": {\"fields\": [\"Name\", \"Color\"]}}]"}}, {"model": "admin.logentry", "pk": 39, "fields": {"action_time": "2022-01-24T22:17:50.529Z", "user": 1, "content_type": 7, "object_id": "8", "object_repr": "Swimming 🏊‍♀️", "action_flag": 2, "change_message": "[{\"changed\": {\"fields\": [\"Name\"]}}]"}}, {"model": "admin.logentry", "pk": 40, "fields": {"action_time": "2022-01-24T22:18:02.570Z", "user": 1, "content_type": 7, "object_id": "3", "object_repr": "Singing 🎤", "action_flag": 2, "change_message": "[{\"changed\": {\"fields\": [\"Name\"]}}]"}}, {"model": "admin.logentry", "pk": 41, "fields": {"action_time": "2022-01-24T22:18:30.059Z", "user": 1, "content_type": 7, "object_id": "4", "object_repr": "Rolling 🔄", "action_flag": 2, "change_message": "[{\"changed\": {\"fields\": [\"Name\"]}}]"}}, {"model": "admin.logentry", "pk": 42, "fields": {"action_time": "2022-01-24T22:18:38.223Z", "user": 1, "content_type": 7, "object_id": "7", "object_repr": "Reading 📚", "action_flag": 2, "change_message": "[{\"changed\": {\"fields\": [\"Name\"]}}]"}}, {"model": "admin.logentry", "pk": 43, "fields": {"action_time": "2022-01-24T22:19:01.614Z", "user": 1, "content_type": 7, "object_id": "2", "object_repr": "Pushups 🏋️‍♀️", "action_flag": 2, "change_message": "[{\"changed\": {\"fields\": [\"Name\"]}}]"}}, {"model": "admin.logentry", "pk": 44, "fields": {"action_time": "2022-01-24T22:19:20.258Z", "user": 1, "content_type": 7, "object_id": "2", "object_repr": "Pushups 🏋️‍♀️", "action_flag": 2, "change_message": "[{\"changed\": {\"fields\": [\"Color\"]}}]"}}, {"model": "admin.logentry", "pk": 45, "fields": {"action_time": "2022-01-24T22:19:41.814Z", "user": 1, "content_type": 7, "object_id": "3", "object_repr": "Singing 🎤", "action_flag": 2, "change_message": "[{\"changed\": {\"fields\": [\"Color\"]}}]"}}, {"model": "admin.logentry", "pk": 46, "fields": {"action_time": "2022-01-25T04:11:04.582Z", "user": 1, "content_type": 10, "object_id": "1", "object_repr": "RandomGiphy object (1)", "action_flag": 1, "change_message": "[{\"added\": {}}]"}}, {"model": "admin.logentry", "pk": 47, "fields": {"action_time": "2022-01-25T04:11:36.476Z", "user": 1, "content_type": 10, "object_id": "2", "object_repr": "RandomGiphy object (2)", "action_flag": 1, "change_message": "[{\"added\": {}}]"}}, {"model": "admin.logentry", "pk": 48, "fields": {"action_time": "2022-01-25T04:13:18.993Z", "user": 1, "content_type": 10, "object_id": "3", "object_repr": "RandomGiphy object (3)", "action_flag": 1, "change_message": "[{\"added\": {}}]"}}, {"model": "admin.logentry", "pk": 49, "fields": {"action_time": "2022-01-25T14:48:59.958Z", "user": 2, "content_type": 7, "object_id": "6", "object_repr": "Hugging 🤗", "action_flag": 2, "change_message": "[{\"changed\": {\"fields\": [\"Description\", \"Color\"]}}]"}}, {"model": "admin.logentry", "pk": 50, "fields": {"action_time": "2022-01-25T14:49:55.177Z", "user": 2, "content_type": 9, "object_id": "78", "object_repr": "3_Cody2022-01-25 14:49:43.506724+00:00", "action_flag": 3, "change_message": ""}}, {"model": "admin.logentry", "pk": 51, "fields": {"action_time": "2022-01-25T14:50:23.326Z", "user": 2, "content_type": 9, "object_id": "79", "object_repr": "3_Cody2022-01-25 14:50:11.297883+00:00", "action_flag": 3, "change_message": ""}}, {"model": "admin.logentry", "pk": 52, "fields": {"action_time": "2022-01-25T14:51:30.014Z", "user": 2, "content_type": 8, "object_id": "2", "object_repr": "2_Jason", "action_flag": 2, "change_message": "[]"}}, {"model": "admin.logentry", "pk": 53, "fields": {"action_time": "2022-02-14T16:32:47.495Z", "user": 1, "content_type": 8, "object_id": "4", "object_repr": "4_rhl", "action_flag": 2, "change_message": "[{\"changed\": {\"fields\": [\"Favorite food\"]}}]"}}, {"model": "admin.logentry", "pk": 54, "fields": {"action_time": "2022-04-08T17:38:38.111Z", "user": 1, "content_type": 9, "object_id": "102", "object_repr": "1_은미lhnhlnhilnuilnu2022-04-08 15:56:58+00:00", "action_flag": 2, "change_message": "[{\"changed\": {\"fields\": [\"Content\"]}}]"}}, {"model": "admin.logentry", "pk": 55, "fields": {"action_time": "2022-05-03T15:30:56.384Z", "user": 1, "content_type": 7, "object_id": "9", "object_repr": "Talk to DarkWolves 🐺", "action_flag": 2, "change_message": "[{\"changed\": {\"fields\": [\"Color\"]}}]"}}, {"model": "admin.logentry", "pk": 56, "fields": {"action_time": "2022-05-03T15:31:10.777Z", "user": 1, "content_type": 7, "object_id": "9", "object_repr": "Talk to DarkWolves 🐺", "action_flag": 2, "change_message": "[{\"changed\": {\"fields\": [\"Color\"]}}]"}}, {"model": "admin.logentry", "pk": 57, "fields": {"action_time": "2022-05-18T17:16:29.771Z", "user": 1, "content_type": 7, "object_id": "9", "object_repr": "Speak to DarkWolves 🐺", "action_flag": 2, "change_message": "[{\"changed\": {\"fields\": [\"Name\", \"Color\"]}}]"}}, {"model": "admin.logentry", "pk": 58, "fields": {"action_time": "2022-05-19T14:56:35.308Z", "user": 1, "content_type": 7, "object_id": "9", "object_repr": "Chill with DarkWolves 🐺", "action_flag": 2, "change_message": "[{\"changed\": {\"fields\": [\"Name\", \"Color\"]}}]"}}, {"model": "admin.logentry", "pk": 59, "fields": {"action_time": "2022-05-19T14:57:04.410Z", "user": 1, "content_type": 9, "object_id": "152", "object_repr": "2_Jason2022-05-19 14:56:43+00:00", "action_flag": 2, "change_message": "[{\"changed\": {\"fields\": [\"Activity\"]}}]"}}, {"model": "auth.user", "pk": 1, "fields": {"password": "pbkdf2_sha256$260000$uSgT4YIh7hZShMCLfVlDMN$GtfzgKR/dKCyb4NwkXB1SQEy57WcFThHBIcOGdVeYyE=", "last_login": "2022-05-26T21:30:25.935Z", "is_superuser": true, "username": "jyee", "first_name": "", "last_name": "", "email": "jasonwsyee@gmail.com", "is_staff": true, "is_active": true, "date_joined": "2022-01-23T07:57:32.248Z", "groups": [], "user_permissions": []}}, {"model": "auth.user", "pk": 2, "fields": {"password": "pbkdf2_sha256$260000$b80nRoQTmI8lHVDTJxjfwM$0lUgdbXOtI9AVkAxon0hm81nBprmEGBwhO44wvPjvfk=", "last_login": "2022-03-07T23:10:52.464Z", "is_superuser": true, "username": "yh", "first_name": "", "last_name": "", "email": "hyeminyoo11@gmail.com", "is_staff": true, "is_active": true, "date_joined": "2022-01-23T07:57:44.695Z", "groups": [], "user_permissions": []}}, {"model": "sessions.session", "pk": "0avicla05lelcrh6i7mxwmbovru6ucu8", "fields": {"session_data": ".eJxVjEEOgjAQRe_StWmmHdqCS_ecgcxMqUVNSSisjHcXEha6_e-9_1YDbWsetjouwxTVVRl1-d2Y5DmWA8QHlfusZS7rMrE-FH3Sqvs5jq_b6f4dZKp5rwEb8Bxb30kKaIIHJo8mWtsYFGIQtqEjZ3aKEF2TMBlpEVwIDOjU5wu--jbE:1nrNGi:ppTm4gNEB0DBDv7ykVWQ3Kn28j4kVa2v2WNdxGWOL-Q", "expire_date": "2022-06-01T17:15:28.544Z"}}, {"model": "sessions.session", "pk": "1fwqyskgh2x16kcv910f3m4izzdgdlgl", "fields": {"session_data": ".eJxVjEEOwiAQRe_C2hCgQMGle89AZpipVA0kpV0Z765NutDtf-_9l0iwrSVtnZc0kzgLI06_G0J-cN0B3aHemsytrsuMclfkQbu8NuLn5XD_Dgr08q3BRa9o5OCRwYGhSVuLWrusxzDAhM7zYJRBRFDKcfQQdYYhs8tkKYj3B-_qOHk:1nCROU:3xoEh9S7Wwvh6wwYDP4vi5Qpx9YhgDZAAGXEe_-mMmU", "expire_date": "2022-02-08T19:22:18.369Z"}}, {"model": "sessions.session", "pk": "3t5ujtxb4319nbht1aj3ccvpyxr5r10w", "fields": {"session_data": ".eJxVjEEOgjAQRe_StWmmHdqCS_ecgcxMqUVNSSisjHcXEha6_e-9_1YDbWsetjouwxTVVRl1-d2Y5DmWA8QHlfusZS7rMrE-FH3Sqvs5jq_b6f4dZKp5rwEb8Bxb30kKaIIHJo8mWtsYFGIQtqEjZ3aKEF2TMBlpEVwIDOjU5wu--jbE:1nluTE:m9rY5ZsiW7-yqzcmxJTgwZ1lhid4V2TjuJuEOnYioOo", "expire_date": "2022-05-17T15:29:48.268Z"}}, {"model": "sessions.session", "pk": "4bsvvz9mlz06lrl249si1y4w0owbi4rd", "fields": {"session_data": ".eJxVjEEOgjAQRe_StWmmHdqCS_ecgcxMqUVNSSisjHcXEha6_e-9_1YDbWsetjouwxTVVRl1-d2Y5DmWA8QHlfusZS7rMrE-FH3Sqvs5jq_b6f4dZKp5rwEb8Bxb30kKaIIHJo8mWtsYFGIQtqEjZ3aKEF2TMBlpEVwIDOjU5wu--jbE:1ns2zD:PXOxdFZLD-ghQ277y9hpcF8cojbRYBy41cQGqb9SaeE", "expire_date": "2022-06-03T13:48:11.793Z"}}, {"model": "sessions.session", "pk": "59e83yhow7m84mt3lzh7oqcptnu272dq", "fields": {"session_data": ".eJxVjEEOgjAQRe_StWmmHdqCS_ecgcxMqUVNSSisjHcXEha6_e-9_1YDbWsetjouwxTVVRl1-d2Y5DmWA8QHlfusZS7rMrE-FH3Sqvs5jq_b6f4dZKp5rwEb8Bxb30kKaIIHJo8mWtsYFGIQtqEjZ3aKEF2TMBlpEVwIDOjU5wu--jbE:1nCYGm:O68OunEBHHrxrh4K2CFVMvofzm5AI87dcM7qmxHOiaQ", "expire_date": "2022-02-09T02:42:48.621Z"}}, {"model": "sessions.session", "pk": "77rzlfspi7866md7o4tlkkatqmqsej6t", "fields": {"session_data": ".eJxVjEEOwiAQRe_C2hCgQMGle89AZpipVA0kpV0Z765NutDtf-_9l0iwrSVtnZc0kzgLI06_G0J-cN0B3aHemsytrsuMclfkQbu8NuLn5XD_Dgr08q3BRa9o5OCRwYGhSVuLWrusxzDAhM7zYJRBRFDKcfQQdYYhs8tkKYj3B-_qOHk:1nRMVA:08cgimv3t9gkdsu3pgiOwW4QH2COZ226KE1Z4KZfk0M", "expire_date": "2022-03-21T23:10:52.497Z"}}, {"model": "sessions.session", "pk": "8hudxaz2kv3v2l70idcd5usllkx5flrf", "fields": {"session_data": ".eJxVjEEOgjAQRe_StWmmHdqCS_ecgcxMqUVNSSisjHcXEha6_e-9_1YDbWsetjouwxTVVRl1-d2Y5DmWA8QHlfusZS7rMrE-FH3Sqvs5jq_b6f4dZKp5rwEb8Bxb30kKaIIHJo8mWtsYFGIQtqEjZ3aKEF2TMBlpEVwIDOjU5wu--jbE:1nP9Rm:Am4pxtzFZRHBPqFxSkEn3w3kCMg2yM3IUtjNcRtoNow", "expire_date": "2022-03-15T20:50:14.097Z"}}, {"model": "sessions.session", "pk": "jsu101p9auxg2u21rd4tx2kdnhlmoggm", "fields": {"session_data": ".eJxVjEEOwiAQRe_C2hCgQMGle89AZpipVA0kpV0Z765NutDtf-_9l0iwrSVtnZc0kzgLI06_G0J-cN0B3aHemsytrsuMclfkQbu8NuLn5XD_Dgr08q3BRa9o5OCRwYGhSVuLWrusxzDAhM7zYJRBRFDKcfQQdYYhs8tkKYj3B-_qOHk:1nCN6G:zS0rdWvbpsNlk12C_xFfG26W643Pan3-M-Qt4YLWTd8", "expire_date": "2022-02-08T14:47:12.048Z"}}, {"model": "sessions.session", "pk": "kp1jv4a82yr1y3lny95zvkjtzoge0omg", "fields": {"session_data": ".eJxVjEEOgjAQRe_StWmmHdqCS_ecgcxMqUVNSSisjHcXEha6_e-9_1YDbWsetjouwxTVVRl1-d2Y5DmWA8QHlfusZS7rMrE-FH3Sqvs5jq_b6f4dZKp5rwEb8Bxb30kKaIIHJo8mWtsYFGIQtqEjZ3aKEF2TMBlpEVwIDOjU5wu--jbE:1ncqyL:F2GvkQNNqwOLxaEmK5E8W483wBYyyQEsAKVGhNTjkFg", "expire_date": "2022-04-22T15:56:29.421Z"}}, {"model": "sessions.session", "pk": "qu10ck02epkyp54au5jy6aqx77d92r5r", "fields": {"session_data": ".eJxVjEEOgjAQRe_StWmmHdqCS_ecgcxMqUVNSSisjHcXEha6_e-9_1YDbWsetjouwxTVVRl1-d2Y5DmWA8QHlfusZS7rMrE-FH3Sqvs5jq_b6f4dZKp5rwEb8Bxb30kKaIIHJo8mWtsYFGIQtqEjZ3aKEF2TMBlpEVwIDOjU5wu--jbE:1nluVU:4C5Ihrui_OAbfu9o7Q-9q6AlSfuMdK0S-K2f5CiO_II", "expire_date": "2022-05-17T15:32:08.643Z"}}, {"model": "sessions.session", "pk": "vngsj38560tapapv4ttogk9ev4fs39v3", "fields": {"session_data": ".eJxVjEEOgjAQRe_StWmmHdqCS_ecgcxMqUVNSSisjHcXEha6_e-9_1YDbWsetjouwxTVVRl1-d2Y5DmWA8QHlfusZS7rMrE-FH3Sqvs5jq_b6f4dZKp5rwEb8Bxb30kKaIIHJo8mWtsYFGIQtqEjZ3aKEF2TMBlpEVwIDOjU5wu--jbE:1nJe93:L_aOm3dVH8wk3jQsifj9AAECbUB7PdtZR_fQwTwotrU", "expire_date": "2022-02-28T16:24:09.181Z"}}, {"model": "sessions.session", "pk": "w3hqru8zk3aq313kmcsijzudek5rk134", "fields": {"session_data": ".eJxVjEEOgjAQRe_StWmmHdqCS_ecgcxMqUVNSSisjHcXEha6_e-9_1YDbWsetjouwxTVVRl1-d2Y5DmWA8QHlfusZS7rMrE-FH3Sqvs5jq_b6f4dZKp5rwEb8Bxb30kKaIIHJo8mWtsYFGIQtqEjZ3aKEF2TMBlpEVwIDOjU5wu--jbE:1nJNAI:LbxGcnlqbtfdRTl-oEm5PyssmEodl_pZJcyzUEgrMJA", "expire_date": "2022-02-27T22:16:18.849Z"}}, {"model": "sessions.session", "pk": "xhsuk20lkjbo84b8uijmfwp96pi0tt5u", "fields": {"session_data": ".eJxVjEEOgjAQRe_StWmmHdqCS_ecgcxMqUVNSSisjHcXEha6_e-9_1YDbWsetjouwxTVVRl1-d2Y5DmWA8QHlfusZS7rMrE-FH3Sqvs5jq_b6f4dZKp5rwEb8Bxb30kKaIIHJo8mWtsYFGIQtqEjZ3aKEF2TMBlpEVwIDOjU5wu--jbE:1ncsYU:kbNVRd6yHpCsBm7Kdr_3LJb_z0vfwH53_a1aMsby8-E", "expire_date": "2022-04-22T17:37:54.158Z"}}, {"model": "sessions.session", "pk": "zui96pniojttvthbkgi9bj8aqwwywny0", "fields": {"session_data": ".eJxVjEEOgjAQRe_StWmmHdqCS_ecgcxMqUVNSSisjHcXEha6_e-9_1YDbWsetjouwxTVVRl1-d2Y5DmWA8QHlfusZS7rMrE-FH3Sqvs5jq_b6f4dZKp5rwEb8Bxb30kKaIIHJo8mWtsYFGIQtqEjZ3aKEF2TMBlpEVwIDOjU5wu--jbE:1nuL3p:faR3H4xnNCnd1JnD6cZsn51YZ1rcqsbd0mnv-AYExOM", "expire_date": "2022-06-09T21:30:25.947Z"}}, {"model": "todo.activity", "pk": 1, "fields": {"name": "Birding 🦅🦆", "description": "Birding for 10 minutes", "youtube_url": "https://www.youtube.com/watch?v=hDUiRcy0V8Q&feature=emb_title", "color": "#f79c9c"}}, {"model": "todo.activity", "pk": 2, "fields": {"name": "Pushups 🏋️‍♀️", "description": "Push the ground away", "youtube_url": "https://www.youtube.com/watch?v=dQw4w9WgXcQ", "color": "#f05cb2"}}, {"model": "todo.activity", "pk": 3, "fields": {"name": "Singing 🎤", "description": "Sing a song!", "youtube_url": "https://www.youtube.com/watch?v=dQw4w9WgXcQ", "color": "#82b583"}}, {"model": "todo.activity", "pk": 4, "fields": {"name": "Rolling 🔄", "description": "Roll over", "youtube_url": "https://www.youtube.com/watch?v=dQw4w9WgXcQ", "color": "#f264e6"}}, {"model": "todo.activity", "pk": 5, "fields": {"name": "Piano 🎹", "description": "Piano 🎹", "youtube_url": "https://www.youtube.com/watch?v=-pSwaxmGx6g", "color": "#dae2df"}}, {"model": "todo.activity", "pk": 6, "fields": {"name": "Hugging 🤗", "description": "Hug more! 🤗", "youtube_url": "https://www.youtube.com/watch?v=ta6x6ZVB9po", "color": "#d07cee"}}, {"model": "todo.activity", "pk": 7, "fields": {"name": "Reading 📚", "description": "Reading rainbow", "youtube_url": "https://www.youtube.com/watch?v=0YtYMzh8lxk", "color": "#97a19e"}}, {"model": "todo.activity", "pk": 8, "fields": {"name": "Swimming 🏊‍♀️", "description": "Swimming is fun!", "youtube_url": "", "color": "#19f5c9"}}, {"model": "todo.activity", "pk": 9, "fields": {"name": "Chill with DarkWolves 🐺", "description": "Talking", "youtube_url": "", "color": "#cfcfcf"}}, {"model": "todo.client", "pk": 1, "fields": {"display_name": "은미", "full_name": "Leslie Lee-Yee", "favorite_food": "", "guardian_users": [1, 2]}}, {"model": "todo.client", "pk": 2, "fields": {"display_name": "Jason", "full_name": "Jason Yee", "favorite_food": "", "guardian_users": [1, 2]}}, {"model": "todo.client", "pk": 3, "fields": {"display_name": "Cody", "full_name": "Cody Connolly", "favorite_food": "", "guardian_users": [1, 2]}}, {"model": "todo.client", "pk": 4, "fields": {"display_name": "rhl", "full_name": "Renee Lee", "favorite_food": "aloha", "guardian_users": [1, 2]}}, {"model": "todo.randomgiphy", "pk": 1, "fields": {"description": "default", "url": "https://media.giphy.com/media/NENOgw8mgH0NW/giphy.gif"}}, {"model": "todo.randomgiphy", "pk": 2, "fields": {"description": "all day", "url": "https://media.giphy.com/media/kRkJXYahXjSE0/giphy.gif"}}, {"model": "todo.randomgiphy", "pk": 3, "fields": {"description": "all all day", "url": "https://media.giphy.com/media/XV74ZvGRXcZdS/giphy.gif"}}, {"model": "todo.todoitem", "pk": 6, "fields": {"content": "", "owner": "", "activity": 1, "client": 1, "done": true, "created_by": 1, "updated_by": 1, "created_at": "2022-01-24T17:56:46.487Z", "updated_at": "2022-01-24T17:56:46.487Z"}}, {"model": "todo.todoitem", "pk": 7, "fields": {"content": "", "owner": "", "activity": 1, "client": 1, "done": true, "created_by": 1, "updated_by": 1, "created_at": "2022-01-24T17:57:15.912Z", "updated_at": "2022-01-21T17:57:15Z"}}, {"model": "todo.todoitem", "pk": 8, "fields": {"content": "", "owner": "", "activity": 3, "client": 1, "done": true, "created_by": 1, "updated_by": 1, "created_at": "2022-01-24T17:58:53.918Z", "updated_at": "2022-01-24T17:58:53.917Z"}}, {"model": "todo.todoitem", "pk": 9, "fields": {"content": "", "owner": "", "activity": 1, "client": 1, "done": true, "created_by": 1, "updated_by": 1, "created_at": "2022-01-24T17:59:33.577Z", "updated_at": "2022-01-24T17:59:33.576Z"}}, {"model": "todo.todoitem", "pk": 10, "fields": {"content": "", "owner": "", "activity": 3, "client": 1, "done": true, "created_by": 1, "updated_by": 1, "created_at": "2022-01-24T17:59:48.674Z", "updated_at": "2022-01-24T17:59:48.674Z"}}, {"model": "todo.todoitem", "pk": 11, "fields": {"content": "", "owner": "", "activity": 7, "client": 1, "done": true, "created_by": 1, "updated_by": 1, "created_at": "2022-01-24T18:00:13.314Z", "updated_at": "2022-01-02T18:00:13Z"}}, {"model": "todo.todoitem", "pk": 12, "fields": {"content": "", "owner": "", "activity": 2, "client": 2, "done": true, "created_by": 1, "updated_by": 1, "created_at": "2022-01-24T18:01:48.580Z", "updated_at": "2022-01-07T18:01:48Z"}}, {"model": "todo.todoitem", "pk": 13, "fields": {"content": "", "owner": "", "activity": 2, "client": 3, "done": true, "created_by": 1, "updated_by": 1, "created_at": "2022-01-24T18:01:54.238Z", "updated_at": "2022-01-04T18:01:54Z"}}, {"model": "todo.todoitem", "pk": 14, "fields": {"content": "", "owner": "", "activity": 8, "client": 3, "done": true, "created_by": 1, "updated_by": 1, "created_at": "2022-01-24T18:01:55.243Z", "updated_at": "2022-01-24T18:25:26.258Z"}}, {"model": "todo.todoitem", "pk": 16, "fields": {"content": "", "owner": "", "activity": 6, "client": 3, "done": true, "created_by": 1, "updated_by": 1, "created_at": "2022-01-24T18:01:57.462Z", "updated_at": "2022-01-24T18:01:57.461Z"}}, {"model": "todo.todoitem", "pk": 17, "fields": {"content": "", "owner": "", "activity": 7, "client": 3, "done": true, "created_by": 1, "updated_by": 1, "created_at": "2022-01-24T18:01:57.841Z", "updated_at": "2022-01-24T18:25:27.016Z"}}, {"model": "todo.todoitem", "pk": 18, "fields": {"content": "", "owner": "", "activity": 7, "client": 3, "done": true, "created_by": 1, "updated_by": 1, "created_at": "2022-01-24T19:40:29.954Z", "updated_at": "2022-01-24T19:40:29.953Z"}}, {"model": "todo.todoitem", "pk": 19, "fields": {"content": "", "owner": "", "activity": 7, "client": 3, "done": true, "created_by": 1, "updated_by": 1, "created_at": "2022-01-24T19:40:31.075Z", "updated_at": "2022-01-02T19:40:31Z"}}, {"model": "todo.todoitem", "pk": 20, "fields": {"content": "", "owner": "", "activity": 8, "client": 3, "done": true, "created_by": 1, "updated_by": 1, "created_at": "2022-01-24T19:40:32.603Z", "updated_at": "2022-01-24T19:40:32.603Z"}}, {"model": "todo.todoitem", "pk": 21, "fields": {"content": "", "owner": "", "activity": 8, "client": 3, "done": true, "created_by": 1, "updated_by": 1, "created_at": "2022-01-24T19:40:33.080Z", "updated_at": "2022-01-24T19:40:33.079Z"}}, {"model": "todo.todoitem", "pk": 22, "fields": {"content": "", "owner": "", "activity": 8, "client": 3, "done": true, "created_by": 1, "updated_by": 1, "created_at": "2022-01-24T19:40:33.311Z", "updated_at": "2022-01-24T19:40:33.310Z"}}, {"model": "todo.todoitem", "pk": 23, "fields": {"content": "", "owner": "", "activity": 3, "client": 1, "done": true, "created_by": 1, "updated_by": 1, "created_at": "2022-01-24T19:40:39.900Z", "updated_at": "2022-01-24T19:40:39.900Z"}}, {"model": "todo.todoitem", "pk": 24, "fields": {"content": "", "owner": "", "activity": 3, "client": 1, "done": true, "created_by": 1, "updated_by": 1, "created_at": "2022-01-24T19:40:40.294Z", "updated_at": "2022-01-24T19:40:40.294Z"}}, {"model": "todo.todoitem", "pk": 25, "fields": {"content": "", "owner": "", "activity": 3, "client": 1, "done": true, "created_by": 1, "updated_by": 1, "created_at": "2022-01-24T19:40:40.855Z", "updated_at": "2022-01-02T19:40:40Z"}}, {"model": "todo.todoitem", "pk": 26, "fields": {"content": "", "owner": "", "activity": 4, "client": 1, "done": true, "created_by": 1, "updated_by": 1, "created_at": "2022-01-24T19:40:42.418Z", "updated_at": "2022-01-02T19:40:42Z"}}, {"model": "todo.todoitem", "pk": 27, "fields": {"content": "", "owner": "", "activity": 1, "client": 1, "done": true, "created_by": 1, "updated_by": 1, "created_at": "2022-01-24T19:40:44.677Z", "updated_at": "2022-01-24T19:40:44.676Z"}}, {"model": "todo.todoitem", "pk": 28, "fields": {"content": "", "owner": "", "activity": 1, "client": 2, "done": true, "created_by": 1, "updated_by": 1, "created_at": "2022-01-24T19:41:50.058Z", "updated_at": "2022-01-24T19:41:50.057Z"}}, {"model": "todo.todoitem", "pk": 29, "fields": {"content": "", "owner": "", "activity": 2, "client": 2, "done": true, "created_by": 1, "updated_by": 1, "created_at": "2022-01-24T19:41:51.627Z", "updated_at": "2022-01-06T19:41:51Z"}}, {"model": "todo.todoitem", "pk": 30, "fields": {"content": "", "owner": "", "activity": 1, "client": 2, "done": true, "created_by": 1, "updated_by": 1, "created_at": "2022-01-24T19:41:52.093Z", "updated_at": "2022-01-24T19:41:52.092Z"}}, {"model": "todo.todoitem", "pk": 31, "fields": {"content": "", "owner": "", "activity": 2, "client": 2, "done": true, "created_by": 1, "updated_by": 1, "created_at": "2022-01-24T19:41:52.500Z", "updated_at": "2022-01-01T19:41:52Z"}}, {"model": "todo.todoitem", "pk": 32, "fields": {"content": "", "owner": "", "activity": 1, "client": 2, "done": true, "created_by": 1, "updated_by": 1, "created_at": "2022-01-24T19:41:52.837Z", "updated_at": "2022-01-14T19:41:52Z"}}, {"model": "todo.todoitem", "pk": 33, "fields": {"content": "", "owner": "", "activity": 2, "client": 2, "done": true, "created_by": 1, "updated_by": 1, "created_at": "2022-01-24T19:41:53.188Z", "updated_at": "2022-01-02T19:41:53Z"}}, {"model": "todo.todoitem", "pk": 34, "fields": {"content": "", "owner": "", "activity": 2, "client": 2, "done": true, "created_by": 1, "updated_by": 1, "created_at": "2022-01-24T19:43:38.506Z", "updated_at": "2022-01-24T19:43:38.505Z"}}, {"model": "todo.todoitem", "pk": 35, "fields": {"content": "", "owner": "", "activity": 2, "client": 2, "done": true, "created_by": 1, "updated_by": 1, "created_at": "2022-01-24T19:43:39.744Z", "updated_at": "2022-01-24T19:43:39.743Z"}}, {"model": "todo.todoitem", "pk": 36, "fields": {"content": "", "owner": "", "activity": 1, "client": 2, "done": true, "created_by": 1, "updated_by": 1, "created_at": "2022-01-24T19:43:40.642Z", "updated_at": "2022-01-24T19:43:40.641Z"}}, {"model": "todo.todoitem", "pk": 37, "fields": {"content": "", "owner": "", "activity": 2, "client": 2, "done": true, "created_by": 1, "updated_by": 1, "created_at": "2022-01-24T19:43:41.059Z", "updated_at": "2022-01-24T19:43:41.058Z"}}, {"model": "todo.todoitem", "pk": 38, "fields": {"content": "", "owner": "", "activity": 5, "client": 1, "done": true, "created_by": 1, "updated_by": 1, "created_at": "2022-01-24T22:16:55.063Z", "updated_at": "2022-01-24T22:26:31.011Z"}}, {"model": "todo.todoitem", "pk": 39, "fields": {"content": "", "owner": "", "activity": 8, "client": 3, "done": true, "created_by": 1, "updated_by": 1, "created_at": "2022-01-25T13:07:43.514Z", "updated_at": "2022-01-25T13:07:43.513Z"}}, {"model": "todo.todoitem", "pk": 40, "fields": {"content": "", "owner": "", "activity": 8, "client": 3, "done": true, "created_by": 1, "updated_by": 1, "created_at": "2022-01-25T13:07:44.208Z", "updated_at": "2022-01-25T13:07:44.208Z"}}, {"model": "todo.todoitem", "pk": 41, "fields": {"content": "", "owner": "", "activity": 8, "client": 3, "done": true, "created_by": 1, "updated_by": 1, "created_at": "2022-01-25T13:07:44.889Z", "updated_at": "2022-01-25T13:07:44.888Z"}}, {"model": "todo.todoitem", "pk": 42, "fields": {"content": "", "owner": "", "activity": 4, "client": 3, "done": true, "created_by": 1, "updated_by": 1, "created_at": "2022-01-25T13:07:46.535Z", "updated_at": "2022-01-25T13:07:46.535Z"}}, {"model": "todo.todoitem", "pk": 43, "fields": {"content": "", "owner": "", "activity": 2, "client": 3, "done": true, "created_by": 1, "updated_by": 1, "created_at": "2022-01-25T13:07:47.107Z", "updated_at": "2022-01-25T13:07:47.106Z"}}, {"model": "todo.todoitem", "pk": 44, "fields": {"content": "", "owner": "", "activity": 6, "client": 3, "done": true, "created_by": 1, "updated_by": 1, "created_at": "2022-01-25T13:07:48.147Z", "updated_at": "2022-01-25T13:07:48.146Z"}}, {"model": "todo.todoitem", "pk": 45, "fields": {"content": "", "owner": "", "activity": 7, "client": 3, "done": true, "created_by": 1, "updated_by": 1, "created_at": "2022-01-25T13:07:49.106Z", "updated_at": "2022-01-25T13:07:49.106Z"}}, {"model": "todo.todoitem", "pk": 46, "fields": {"content": "", "owner": "", "activity": 2, "client": 2, "done": true, "created_by": 1, "updated_by": 1, "created_at": "2022-01-25T13:07:54.071Z", "updated_at": "2022-01-25T13:07:54.070Z"}}, {"model": "todo.todoitem", "pk": 47, "fields": {"content": "", "owner": "", "activity": 1, "client": 2, "done": true, "created_by": 1, "updated_by": 1, "created_at": "2022-01-25T13:07:54.699Z", "updated_at": "2022-01-25T13:07:54.699Z"}}, {"model": "todo.todoitem", "pk": 48, "fields": {"content": "", "owner": "", "activity": 7, "client": 2, "done": true, "created_by": 1, "updated_by": 1, "created_at": "2022-01-25T13:07:56.814Z", "updated_at": "2022-01-25T13:07:56.814Z"}}, {"model": "todo.todoitem", "pk": 49, "fields": {"content": "", "owner": "", "activity": 7, "client": 1, "done": true, "created_by": 1, "updated_by": 1, "created_at": "2022-01-25T14:47:24.411Z", "updated_at": "2022-01-25T14:47:24.410Z"}}, {"model": "todo.todoitem", "pk": 50, "fields": {"content": "", "owner": "", "activity": 3, "client": 1, "done": true, "created_by": 1, "updated_by": 1, "created_at": "2022-01-25T14:47:27.352Z", "updated_at": "2022-01-25T14:47:27.352Z"}}, {"model": "todo.todoitem", "pk": 51, "fields": {"content": "", "owner": "", "activity": 5, "client": 1, "done": true, "created_by": 1, "updated_by": 1, "created_at": "2022-01-25T14:47:30.445Z", "updated_at": "2022-01-25T14:47:30.442Z"}}, {"model": "todo.todoitem", "pk": 52, "fields": {"content": "", "owner": "", "activity": 1, "client": 1, "done": true, "created_by": 1, "updated_by": 1, "created_at": "2022-01-25T14:47:32.592Z", "updated_at": "2022-01-25T14:47:32.591Z"}}, {"model": "todo.todoitem", "pk": 53, "fields": {"content": "", "owner": "", "activity": 1, "client": 1, "done": true, "created_by": 1, "updated_by": 1, "created_at": "2022-01-25T14:47:37.224Z", "updated_at": "2022-01-25T14:47:37.223Z"}}, {"model": "todo.todoitem", "pk": 54, "fields": {"content": "", "owner": "", "activity": 1, "client": 1, "done": true, "created_by": 1, "updated_by": 1, "created_at": "2022-01-25T14:47:42.567Z", "updated_at": "2022-01-25T14:47:42.566Z"}}, {"model": "todo.todoitem", "pk": 55, "fields": {"content": "", "owner": "", "activity": 1, "client": 1, "done": true, "created_by": 1, "updated_by": 1, "created_at": "2022-01-25T14:47:43.300Z", "updated_at": "2022-01-25T14:47:43.296Z"}}, {"model": "todo.todoitem", "pk": 56, "fields": {"content": "", "owner": "", "activity": 1, "client": 1, "done": true, "created_by": 1, "updated_by": 1, "created_at": "2022-01-25T14:47:46.360Z", "updated_at": "2022-01-25T14:47:46.360Z"}}, {"model": "todo.todoitem", "pk": 57, "fields": {"content": "", "owner": "", "activity": 1, "client": 1, "done": true, "created_by": 1, "updated_by": 1, "created_at": "2022-01-25T14:47:47.354Z", "updated_at": "2022-01-25T14:47:47.353Z"}}, {"model": "todo.todoitem", "pk": 58, "fields": {"content": "", "owner": "", "activity": 3, "client": 1, "done": true, "created_by": 1, "updated_by": 1, "created_at": "2022-01-25T14:47:48.900Z", "updated_at": "2022-01-25T14:47:48.900Z"}}, {"model": "todo.todoitem", "pk": 59, "fields": {"content": "", "owner": "", "activity": 3, "client": 1, "done": true, "created_by": 1, "updated_by": 1, "created_at": "2022-01-25T14:47:49.360Z", "updated_at": "2022-01-25T14:47:49.359Z"}}, {"model": "todo.todoitem", "pk": 60, "fields": {"content": "", "owner": "", "activity": 5, "client": 1, "done": true, "created_by": 1, "updated_by": 1, "created_at": "2022-01-25T14:47:50.002Z", "updated_at": "2022-01-25T14:47:50.002Z"}}, {"model": "todo.todoitem", "pk": 61, "fields": {"content": "", "owner": "", "activity": 1, "client": 1, "done": true, "created_by": 1, "updated_by": 1, "created_at": "2022-01-25T14:47:50.482Z", "updated_at": "2022-01-25T14:47:50.481Z"}}, {"model": "todo.todoitem", "pk": 62, "fields": {"content": "", "owner": "", "activity": 1, "client": 1, "done": true, "created_by": 1, "updated_by": 1, "created_at": "2022-01-25T14:47:51.046Z", "updated_at": "2022-01-25T14:47:51.046Z"}}, {"model": "todo.todoitem", "pk": 63, "fields": {"content": "", "owner": "", "activity": 1, "client": 1, "done": true, "created_by": 1, "updated_by": 1, "created_at": "2022-01-25T14:47:51.217Z", "updated_at": "2022-01-25T14:47:51.217Z"}}, {"model": "todo.todoitem", "pk": 64, "fields": {"content": "", "owner": "", "activity": 7, "client": 1, "done": true, "created_by": 1, "updated_by": 1, "created_at": "2022-01-25T14:47:51.943Z", "updated_at": "2022-01-25T14:47:51.943Z"}}, {"model": "todo.todoitem", "pk": 65, "fields": {"content": "", "owner": "", "activity": 7, "client": 1, "done": true, "created_by": 1, "updated_by": 1, "created_at": "2022-01-25T14:47:52.093Z", "updated_at": "2022-01-25T14:47:52.092Z"}}, {"model": "todo.todoitem", "pk": 66, "fields": {"content": "", "owner": "", "activity": 7, "client": 1, "done": true, "created_by": 1, "updated_by": 1, "created_at": "2022-01-25T14:47:52.491Z", "updated_at": "2022-01-25T14:47:52.490Z"}}, {"model": "todo.todoitem", "pk": 67, "fields": {"content": "", "owner": "", "activity": 7, "client": 1, "done": true, "created_by": 1, "updated_by": 1, "created_at": "2022-01-25T14:47:52.658Z", "updated_at": "2022-01-25T14:47:52.657Z"}}, {"model": "todo.todoitem", "pk": 68, "fields": {"content": "", "owner": "", "activity": 7, "client": 1, "done": true, "created_by": 1, "updated_by": 1, "created_at": "2022-01-25T14:47:52.809Z", "updated_at": "2022-01-25T14:47:52.809Z"}}, {"model": "todo.todoitem", "pk": 69, "fields": {"content": "", "owner": "", "activity": 5, "client": 4, "done": true, "created_by": 1, "updated_by": 1, "created_at": "2022-01-25T14:48:03.266Z", "updated_at": "2022-01-25T14:48:03.265Z"}}, {"model": "todo.todoitem", "pk": 70, "fields": {"content": "", "owner": "", "activity": 5, "client": 4, "done": true, "created_by": 1, "updated_by": 1, "created_at": "2022-01-25T14:48:04.945Z", "updated_at": "2022-01-25T14:48:04.945Z"}}, {"model": "todo.todoitem", "pk": 71, "fields": {"content": "", "owner": "", "activity": 5, "client": 4, "done": true, "created_by": 1, "updated_by": 1, "created_at": "2022-01-25T14:48:05.667Z", "updated_at": "2022-01-25T14:48:05.667Z"}}, {"model": "todo.todoitem", "pk": 72, "fields": {"content": "", "owner": "", "activity": 5, "client": 4, "done": true, "created_by": 1, "updated_by": 1, "created_at": "2022-01-25T14:48:06.355Z", "updated_at": "2022-01-25T14:48:06.355Z"}}, {"model": "todo.todoitem", "pk": 73, "fields": {"content": "", "owner": "", "activity": 4, "client": 1, "done": true, "created_by": 1, "updated_by": 1, "created_at": "2022-01-25T14:48:27.680Z", "updated_at": "2022-01-25T14:48:27.680Z"}}, {"model": "todo.todoitem", "pk": 74, "fields": {"content": "", "owner": "", "activity": 6, "client": 3, "done": true, "created_by": 1, "updated_by": 1, "created_at": "2022-01-25T14:49:30.234Z", "updated_at": "2022-01-25T14:49:30.234Z"}}, {"model": "todo.todoitem", "pk": 75, "fields": {"content": "", "owner": "", "activity": 6, "client": 3, "done": true, "created_by": 1, "updated_by": 1, "created_at": "2022-01-25T14:49:34.603Z", "updated_at": "2022-01-25T14:49:34.602Z"}}, {"model": "todo.todoitem", "pk": 76, "fields": {"content": "", "owner": "", "activity": 6, "client": 3, "done": true, "created_by": 1, "updated_by": 1, "created_at": "2022-01-25T14:49:35.761Z", "updated_at": "2022-01-25T14:49:35.761Z"}}, {"model": "todo.todoitem", "pk": 77, "fields": {"content": "", "owner": "", "activity": 8, "client": 3, "done": true, "created_by": 1, "updated_by": 1, "created_at": "2022-01-25T14:49:40.993Z", "updated_at": "2022-01-25T14:49:40.993Z"}}, {"model": "todo.todoitem", "pk": 80, "fields": {"content": "", "owner": "", "activity": 1, "client": 1, "done": true, "created_by": 1, "updated_by": 1, "created_at": "2022-01-25T19:28:08.486Z", "updated_at": "2022-01-25T19:28:08.485Z"}}, {"model": "todo.todoitem", "pk": 81, "fields": {"content": "", "owner": "", "activity": 4, "client": 1, "done": true, "created_by": 1, "updated_by": 1, "created_at": "2022-01-26T04:31:58.300Z", "updated_at": "2022-01-26T04:31:58.299Z"}}, {"model": "todo.todoitem", "pk": 82, "fields": {"content": "", "owner": "", "activity": 2, "client": 1, "done": true, "created_by": 1, "updated_by": 1, "created_at": "2022-01-26T16:31:28.671Z", "updated_at": "2022-01-26T16:31:28.670Z"}}, {"model": "todo.todoitem", "pk": 83, "fields": {"content": "", "owner": "", "activity": 2, "client": 1, "done": true, "created_by": 1, "updated_by": 1, "created_at": "2022-01-26T16:31:29.893Z", "updated_at": "2022-01-26T16:31:29.893Z"}}, {"model": "todo.todoitem", "pk": 84, "fields": {"content": "", "owner": "", "activity": 5, "client": 1, "done": true, "created_by": 1, "updated_by": 1, "created_at": "2022-01-26T16:31:32.239Z", "updated_at": "2022-01-26T16:31:32.238Z"}}, {"model": "todo.todoitem", "pk": 85, "fields": {"content": "", "owner": "", "activity": 3, "client": 1, "done": true, "created_by": 1, "updated_by": 1, "created_at": "2022-02-14T16:24:27.723Z", "updated_at": "2022-02-14T16:24:27.722Z"}}, {"model": "todo.todoitem", "pk": 86, "fields": {"content": "", "owner": "", "activity": 8, "client": 1, "done": true, "created_by": 1, "updated_by": 1, "created_at": "2022-02-14T16:24:30.019Z", "updated_at": "2022-02-14T16:24:30.018Z"}}, {"model": "todo.todoitem", "pk": 87, "fields": {"content": "", "owner": "", "activity": 1, "client": 1, "done": true, "created_by": 1, "updated_by": 1, "created_at": "2022-02-14T16:24:33.832Z", "updated_at": "2022-02-14T16:24:33.831Z"}}, {"model": "todo.todoitem", "pk": 88, "fields": {"content": "", "owner": "", "activity": 3, "client": 1, "done": true, "created_by": 1, "updated_by": 1, "created_at": "2022-02-14T16:24:35.729Z", "updated_at": "2022-02-14T16:24:35.728Z"}}, {"model": "todo.todoitem", "pk": 89, "fields": {"content": "", "owner": "", "activity": 3, "client": 1, "done": true, "created_by": 1, "updated_by": 1, "created_at": "2022-02-14T16:24:37.026Z", "updated_at": "2022-02-14T16:24:37.025Z"}}, {"model": "todo.todoitem", "pk": 90, "fields": {"content": "", "owner": "", "activity": 3, "client": 1, "done": true, "created_by": 1, "updated_by": 1, "created_at": "2022-02-14T16:24:37.974Z", "updated_at": "2022-02-14T16:24:37.965Z"}}, {"model": "todo.todoitem", "pk": 91, "fields": {"content": "", "owner": "", "activity": 4, "client": 4, "done": true, "created_by": 1, "updated_by": 1, "created_at": "2022-03-01T20:50:26.852Z", "updated_at": "2022-03-01T20:50:26.851Z"}}, {"model": "todo.todoitem", "pk": 92, "fields": {"content": "", "owner": "", "activity": 5, "client": 1, "done": true, "created_by": 1, "updated_by": 1, "created_at": "2022-03-07T23:11:17.610Z", "updated_at": "2022-03-07T23:11:17.609Z"}}, {"model": "todo.todoitem", "pk": 93, "fields": {"content": "", "owner": "", "activity": 4, "client": 1, "done": true, "created_by": 1, "updated_by": 1, "created_at": "2022-03-07T23:11:21.271Z", "updated_at": "2022-03-07T23:11:21.270Z"}}, {"model": "todo.todoitem", "pk": 94, "fields": {"content": "", "owner": "", "activity": 4, "client": 1, "done": true, "created_by": 1, "updated_by": 1, "created_at": "2022-03-07T23:11:26.465Z", "updated_at": "2022-03-07T23:11:26.460Z"}}, {"model": "todo.todoitem", "pk": 95, "fields": {"content": "", "owner": "", "activity": 4, "client": 1, "done": true, "created_by": 1, "updated_by": 1, "created_at": "2022-03-07T23:11:28.373Z", "updated_at": "2022-03-07T23:11:28.322Z"}}, {"model": "todo.todoitem", "pk": 96, "fields": {"content": "", "owner": "", "activity": 4, "client": 1, "done": true, "created_by": 1, "updated_by": 1, "created_at": "2022-03-07T23:11:31.058Z", "updated_at": "2022-03-07T23:11:31.057Z"}}, {"model": "todo.todoitem", "pk": 97, "fields": {"content": "", "owner": "", "activity": 9, "client": 1, "done": true, "created_by": 1, "updated_by": 1, "created_at": "2022-04-08T15:56:55.032Z", "updated_at": "2022-04-08T15:56:55.031Z"}}, {"model": "todo.todoitem", "pk": 98, "fields": {"content": "", "owner": "", "activity": 9, "client": 1, "done": true, "created_by": 1, "updated_by": 1, "created_at": "2022-04-08T15:56:55.741Z", "updated_at": "2022-04-08T15:56:55.740Z"}}, {"model": "todo.todoitem", "pk": 99, "fields": {"content": "", "owner": "", "activity": 9, "client": 1, "done": true, "created_by": 1, "updated_by": 1, "created_at": "2022-04-08T15:56:56.158Z", "updated_at": "2022-04-08T15:56:56.157Z"}}, {"model": "todo.todoitem", "pk": 100, "fields": {"content": "", "owner": "", "activity": 9, "client": 1, "done": true, "created_by": 1, "updated_by": 1, "created_at": "2022-04-08T15:56:56.348Z", "updated_at": "2022-04-08T15:56:56.348Z"}}, {"model": "todo.todoitem", "pk": 101, "fields": {"content": "", "owner": "", "activity": 9, "client": 1, "done": true, "created_by": 1, "updated_by": 1, "created_at": "2022-04-08T15:56:58.340Z", "updated_at": "2022-04-08T15:56:58.339Z"}}, {"model": "todo.todoitem", "pk": 102, "fields": {"content": "lhnhlnhilnuilnu", "owner": "", "activity": 9, "client": 1, "done": true, "created_by": 1, "updated_by": 1, "created_at": "2022-04-08T15:56:58.715Z", "updated_at": "2022-04-08T15:56:58Z"}}, {"model": "todo.todoitem", "pk": 103, "fields": {"content": "", "owner": "", "activity": 9, "client": 1, "done": true, "created_by": 1, "updated_by": 1, "created_at": "2022-04-08T15:57:00.995Z", "updated_at": "2022-04-08T15:57:00.995Z"}}, {"model": "todo.todoitem", "pk": 104, "fields": {"content": "", "owner": "", "activity": 9, "client": 1, "done": true, "created_by": 1, "updated_by": 1, "created_at": "2022-04-08T15:57:01.670Z", "updated_at": "2022-04-08T15:57:01.670Z"}}, {"model": "todo.todoitem", "pk": 105, "fields": {"content": "", "owner": "", "activity": 3, "client": 1, "done": true, "created_by": 1, "updated_by": 1, "created_at": "2022-04-08T15:57:29.294Z", "updated_at": "2022-04-08T15:57:29.294Z"}}, {"model": "todo.todoitem", "pk": 106, "fields": {"content": "", "owner": "", "activity": 3, "client": 1, "done": true, "created_by": 1, "updated_by": 1, "created_at": "2022-04-08T15:57:30.087Z", "updated_at": "2022-04-08T15:57:30.086Z"}}, {"model": "todo.todoitem", "pk": 107, "fields": {"content": "", "owner": "", "activity": 4, "client": 1, "done": true, "created_by": 1, "updated_by": 1, "created_at": "2022-04-08T15:57:30.757Z", "updated_at": "2022-04-08T15:57:30.757Z"}}, {"model": "todo.todoitem", "pk": 108, "fields": {"content": "", "owner": "", "activity": 8, "client": 1, "done": true, "created_by": 1, "updated_by": 1, "created_at": "2022-04-08T15:57:33.288Z", "updated_at": "2022-04-08T15:57:33.287Z"}}, {"model": "todo.todoitem", "pk": 109, "fields": {"content": "", "owner": "", "activity": 9, "client": 1, "done": true, "created_by": 1, "updated_by": 1, "created_at": "2022-04-08T15:57:35.439Z", "updated_at": "2022-04-08T15:57:35.438Z"}}, {"model": "todo.todoitem", "pk": 110, "fields": {"content": "", "owner": "", "activity": 9, "client": 1, "done": true, "created_by": 1, "updated_by": 1, "created_at": "2022-04-08T15:57:36.016Z", "updated_at": "2022-04-08T15:57:36.016Z"}}, {"model": "todo.todoitem", "pk": 111, "fields": {"content": "", "owner": "", "activity": 9, "client": 1, "done": true, "created_by": 1, "updated_by": 1, "created_at": "2022-04-08T15:57:36.388Z", "updated_at": "2022-04-08T15:57:36.387Z"}}, {"model": "todo.todoitem", "pk": 112, "fields": {"content": "", "owner": "", "activity": 2, "client": 1, "done": true, "created_by": 1, "updated_by": 1, "created_at": "2022-05-03T15:30:23.301Z", "updated_at": "2022-05-03T15:30:23.301Z"}}, {"model": "todo.todoitem", "pk": 113, "fields": {"content": "", "owner": "", "activity": 2, "client": 1, "done": true, "created_by": 1, "updated_by": 1, "created_at": "2022-05-03T15:30:29.309Z", "updated_at": "2022-05-03T15:30:29.309Z"}}, {"model": "todo.todoitem", "pk": 114, "fields": {"content": "", "owner": "", "activity": 2, "client": 1, "done": true, "created_by": 1, "updated_by": 1, "created_at": "2022-05-03T15:30:30.092Z", "updated_at": "2022-05-03T15:30:30.091Z"}}, {"model": "todo.todoitem", "pk": 115, "fields": {"content": "", "owner": "", "activity": 2, "client": 1, "done": true, "created_by": 1, "updated_by": 1, "created_at": "2022-05-03T15:30:30.701Z", "updated_at": "2022-05-03T15:30:30.701Z"}}, {"model": "todo.todoitem", "pk": 116, "fields": {"content": "", "owner": "", "activity": 2, "client": 1, "done": true, "created_by": 1, "updated_by": 1, "created_at": "2022-05-03T15:30:31.610Z", "updated_at": "2022-05-03T15:30:31.610Z"}}, {"model": "todo.todoitem", "pk": 117, "fields": {"content": "", "owner": "", "activity": 2, "client": 1, "done": true, "created_by": 1, "updated_by": 1, "created_at": "2022-05-03T15:30:32.644Z", "updated_at": "2022-05-03T15:30:32.644Z"}}, {"model": "todo.todoitem", "pk": 118, "fields": {"content": "", "owner": "", "activity": 7, "client": 1, "done": true, "created_by": 1, "updated_by": 1, "created_at": "2022-05-03T15:30:36.033Z", "updated_at": "2022-05-03T15:30:36.033Z"}}, {"model": "todo.todoitem", "pk": 119, "fields": {"content": "", "owner": "", "activity": 7, "client": 1, "done": true, "created_by": 1, "updated_by": 1, "created_at": "2022-05-03T15:30:36.713Z", "updated_at": "2022-05-03T15:30:36.712Z"}}, {"model": "todo.todoitem", "pk": 120, "fields": {"content": "", "owner": "", "activity": 8, "client": 1, "done": true, "created_by": 1, "updated_by": 1, "created_at": "2022-05-03T15:30:37.176Z", "updated_at": "2022-05-03T15:30:37.175Z"}}, {"model": "todo.todoitem", "pk": 121, "fields": {"content": "", "owner": "", "activity": 8, "client": 1, "done": true, "created_by": 1, "updated_by": 1, "created_at": "2022-05-03T15:30:38.019Z", "updated_at": "2022-05-03T15:30:38.019Z"}}, {"model": "todo.todoitem", "pk": 122, "fields": {"content": "", "owner": "", "activity": 9, "client": 1, "done": true, "created_by": 1, "updated_by": 1, "created_at": "2022-05-03T15:30:39.494Z", "updated_at": "2022-05-03T15:30:39.493Z"}}, {"model": "todo.todoitem", "pk": 123, "fields": {"content": "", "owner": "", "activity": 8, "client": 1, "done": true, "created_by": 1, "updated_by": 1, "created_at": "2022-05-03T15:33:11.607Z", "updated_at": "2022-05-03T15:33:11.606Z"}}, {"model": "todo.todoitem", "pk": 124, "fields": {"content": "", "owner": "", "activity": 2, "client": 1, "done": true, "created_by": 1, "updated_by": 1, "created_at": "2022-05-03T15:33:19.191Z", "updated_at": "2022-05-03T15:33:19.191Z"}}, {"model": "todo.todoitem", "pk": 125, "fields": {"content": "", "owner": "", "activity": 8, "client": 1, "done": true, "created_by": 1, "updated_by": 1, "created_at": "2022-05-03T15:33:20.614Z", "updated_at": "2022-05-03T15:33:20.613Z"}}, {"model": "todo.todoitem", "pk": 126, "fields": {"content": "", "owner": "", "activity": 8, "client": 1, "done": true, "created_by": 1, "updated_by": 1, "created_at": "2022-05-03T15:33:44.107Z", "updated_at": "2022-05-03T15:33:44.106Z"}}, {"model": "todo.todoitem", "pk": 127, "fields": {"content": "", "owner": "", "activity": 8, "client": 1, "done": true, "created_by": 1, "updated_by": 1, "created_at": "2022-05-03T15:33:55.276Z", "updated_at": "2022-05-03T15:33:55.276Z"}}, {"model": "todo.todoitem", "pk": 128, "fields": {"content": "", "owner": "", "activity": 2, "client": 2, "done": true, "created_by": 1, "updated_by": 1, "created_at": "2022-05-18T17:15:43.374Z", "updated_at": "2022-05-18T17:15:43.373Z"}}, {"model": "todo.todoitem", "pk": 129, "fields": {"content": "", "owner": "", "activity": 8, "client": 2, "done": true, "created_by": 1, "updated_by": 1, "created_at": "2022-05-18T17:15:45.242Z", "updated_at": "2022-05-18T17:15:45.242Z"}}, {"model": "todo.todoitem", "pk": 130, "fields": {"content": "", "owner": "", "activity": 5, "client": 2, "done": true, "created_by": 1, "updated_by": 1, "created_at": "2022-05-18T17:15:46.951Z", "updated_at": "2022-05-18T17:15:46.950Z"}}, {"model": "todo.todoitem", "pk": 131, "fields": {"content": "", "owner": "", "activity": 4, "client": 2, "done": true, "created_by": 1, "updated_by": 1, "created_at": "2022-05-18T17:15:48.366Z", "updated_at": "2022-05-18T17:15:48.366Z"}}, {"model": "todo.todoitem", "pk": 132, "fields": {"content": "", "owner": "", "activity": 4, "client": 2, "done": true, "created_by": 1, "updated_by": 1, "created_at": "2022-05-18T17:15:50.712Z", "updated_at": "2022-05-18T17:15:50.712Z"}}, {"model": "todo.todoitem", "pk": 133, "fields": {"content": "", "owner": "", "activity": 4, "client": 2, "done": true, "created_by": 1, "updated_by": 1, "created_at": "2022-05-18T17:15:51.355Z", "updated_at": "2022-05-18T17:15:51.354Z"}}, {"model": "todo.todoitem", "pk": 134, "fields": {"content": "", "owner": "", "activity": 4, "client": 2, "done": true, "created_by": 1, "updated_by": 1, "created_at": "2022-05-18T17:15:51.836Z", "updated_at": "2022-05-18T17:15:51.836Z"}}, {"model": "todo.todoitem", "pk": 135, "fields": {"content": "", "owner": "", "activity": 9, "client": 2, "done": true, "created_by": 1, "updated_by": 1, "created_at": "2022-05-18T17:16:38.297Z", "updated_at": "2022-05-18T17:16:38.297Z"}}, {"model": "todo.todoitem", "pk": 136, "fields": {"content": "", "owner": "", "activity": 9, "client": 2, "done": true, "created_by": 1, "updated_by": 1, "created_at": "2022-05-18T17:16:39.396Z", "updated_at": "2022-05-18T17:16:39.396Z"}}, {"model": "todo.todoitem", "pk": 137, "fields": {"content": "", "owner": "", "activity": 1, "client": 2, "done": true, "created_by": 1, "updated_by": 1, "created_at": "2022-05-18T17:17:41.965Z", "updated_at": "2022-05-18T17:17:41.965Z"}}, {"model": "todo.todoitem", "pk": 138, "fields": {"content": "", "owner": "", "activity": 1, "client": 2, "done": true, "created_by": 1, "updated_by": 1, "created_at": "2022-05-18T17:17:44.560Z", "updated_at": "2022-05-18T17:17:44.559Z"}}, {"model": "todo.todoitem", "pk": 139, "fields": {"content": "", "owner": "", "activity": 3, "client": 2, "done": true, "created_by": 1, "updated_by": 1, "created_at": "2022-05-19T14:56:05.113Z", "updated_at": "2022-05-19T14:56:05.112Z"}}, {"model": "todo.todoitem", "pk": 140, "fields": {"content": "", "owner": "", "activity": 3, "client": 2, "done": true, "created_by": 1, "updated_by": 1, "created_at": "2022-05-19T14:56:08.028Z", "updated_at": "2022-05-19T14:56:08.028Z"}}, {"model": "todo.todoitem", "pk": 141, "fields": {"content": "", "owner": "", "activity": 3, "client": 2, "done": true, "created_by": 1, "updated_by": 1, "created_at": "2022-05-19T14:56:08.853Z", "updated_at": "2022-05-19T14:56:08.853Z"}}, {"model": "todo.todoitem", "pk": 142, "fields": {"content": "", "owner": "", "activity": 1, "client": 2, "done": true, "created_by": 1, "updated_by": 1, "created_at": "2022-05-19T14:56:10.093Z", "updated_at": "2022-05-19T14:56:10.092Z"}}, {"model": "todo.todoitem", "pk": 143, "fields": {"content": "", "owner": "", "activity": 1, "client": 2, "done": true, "created_by": 1, "updated_by": 1, "created_at": "2022-05-19T14:56:10.541Z", "updated_at": "2022-05-19T14:56:10.541Z"}}, {"model": "todo.todoitem", "pk": 144, "fields": {"content": "", "owner": "", "activity": 1, "client": 2, "done": true, "created_by": 1, "updated_by": 1, "created_at": "2022-05-19T14:56:11.302Z", "updated_at": "2022-05-19T14:56:11.302Z"}}, {"model": "todo.todoitem", "pk": 145, "fields": {"content": "", "owner": "", "activity": 5, "client": 2, "done": true, "created_by": 1, "updated_by": 1, "created_at": "2022-05-19T14:56:12.534Z", "updated_at": "2022-05-19T14:56:12.534Z"}}, {"model": "todo.todoitem", "pk": 146, "fields": {"content": "", "owner": "", "activity": 5, "client": 2, "done": true, "created_by": 1, "updated_by": 1, "created_at": "2022-05-19T14:56:13.384Z", "updated_at": "2022-05-19T14:56:13.384Z"}}, {"model": "todo.todoitem", "pk": 147, "fields": {"content": "", "owner": "", "activity": 8, "client": 2, "done": true, "created_by": 1, "updated_by": 1, "created_at": "2022-05-19T14:56:14.241Z", "updated_at": "2022-05-19T14:56:14.241Z"}}, {"model": "todo.todoitem", "pk": 148, "fields": {"content": "", "owner": "", "activity": 8, "client": 2, "done": true, "created_by": 1, "updated_by": 1, "created_at": "2022-05-19T14:56:14.711Z", "updated_at": "2022-05-19T14:56:14.711Z"}}, {"model": "todo.todoitem", "pk": 149, "fields": {"content": "", "owner": "", "activity": 8, "client": 2, "done": true, "created_by": 1, "updated_by": 1, "created_at": "2022-05-19T14:56:15.132Z", "updated_at": "2022-05-19T14:56:15.132Z"}}, {"model": "todo.todoitem", "pk": 150, "fields": {"content": "", "owner": "", "activity": 9, "client": 2, "done": true, "created_by": 1, "updated_by": 1, "created_at": "2022-05-19T14:56:41.976Z", "updated_at": "2022-05-19T14:56:41.975Z"}}, {"model": "todo.todoitem", "pk": 151, "fields": {"content": "", "owner": "", "activity": 9, "client": 2, "done": true, "created_by": 1, "updated_by": 1, "created_at": "2022-05-19T14:56:42.965Z", "updated_at": "2022-05-19T14:56:42.965Z"}}, {"model": "todo.todoitem", "pk": 152, "fields": {"content": "", "owner": "", "activity": 6, "client": 2, "done": true, "created_by": 1, "updated_by": 1, "created_at": "2022-05-19T14:56:43.395Z", "updated_at": "2022-05-19T14:56:43Z"}}, {"model": "todo.todoitem", "pk": 153, "fields": {"content": "", "owner": "", "activity": 1, "client": 2, "done": true, "created_by": 1, "updated_by": 1, "created_at": "2022-05-19T16:54:23.666Z", "updated_at": "2022-05-19T16:54:23.666Z"}}, {"model": "todo.todoitem", "pk": 154, "fields": {"content": "", "owner": "", "activity": 1, "client": 2, "done": true, "created_by": 1, "updated_by": 1, "created_at": "2022-05-19T16:54:44.877Z", "updated_at": "2022-05-19T16:54:44.877Z"}}, {"model": "todo.todoitem", "pk": 155, "fields": {"content": "", "owner": "", "activity": 7, "client": 2, "done": true, "created_by": 1, "updated_by": 1, "created_at": "2022-05-19T16:54:52.577Z", "updated_at": "2022-05-19T16:54:52.577Z"}}, {"model": "todo.todoitem", "pk": 156, "fields": {"content": "", "owner": "", "activity": 6, "client": 2, "done": true, "created_by": 1, "updated_by": 1, "created_at": "2022-05-19T16:54:53.466Z", "updated_at": "2022-05-19T16:54:53.466Z"}}, {"model": "todo.todoitem", "pk": 157, "fields": {"content": "", "owner": "", "activity": 4, "client": 2, "done": true, "created_by": 1, "updated_by": 1, "created_at": "2022-05-19T16:54:53.890Z", "updated_at": "2022-05-19T16:54:53.890Z"}}, {"model": "todo.todoitem", "pk": 158, "fields": {"content": "", "owner": "", "activity": 1, "client": 2, "done": true, "created_by": 1, "updated_by": 1, "created_at": "2022-05-19T16:56:01.481Z", "updated_at": "2022-05-19T16:56:01.481Z"}}, {"model": "todo.todoitem", "pk": 159, "fields": {"content": "", "owner": "", "activity": 1, "client": 2, "done": true, "created_by": 1, "updated_by": 1, "created_at": "2022-05-19T16:56:03.739Z", "updated_at": "2022-05-19T16:56:03.739Z"}}, {"model": "todo.todoitem", "pk": 160, "fields": {"content": "", "owner": "", "activity": 3, "client": 2, "done": true, "created_by": 1, "updated_by": 1, "created_at": "2022-05-19T16:56:05.506Z", "updated_at": "2022-05-19T16:56:05.506Z"}}, {"model": "todo.todoitem", "pk": 161, "fields": {"content": "", "owner": "", "activity": 3, "client": 2, "done": true, "created_by": 1, "updated_by": 1, "created_at": "2022-05-19T16:56:06.024Z", "updated_at": "2022-05-19T16:56:06.024Z"}}, {"model": "todo.todoitem", "pk": 162, "fields": {"content": "", "owner": "", "activity": 3, "client": 2, "done": true, "created_by": 1, "updated_by": 1, "created_at": "2022-05-19T16:56:06.531Z", "updated_at": "2022-05-19T16:56:06.530Z"}}, {"model": "todo.todoitem", "pk": 163, "fields": {"content": "", "owner": "", "activity": 3, "client": 2, "done": true, "created_by": 1, "updated_by": 1, "created_at": "2022-05-19T16:56:06.699Z", "updated_at": "2022-05-19T16:56:06.698Z"}}, {"model": "todo.todoitem", "pk": 164, "fields": {"content": "", "owner": "", "activity": 4, "client": 2, "done": true, "created_by": 1, "updated_by": 1, "created_at": "2022-05-19T16:56:07.258Z", "updated_at": "2022-05-19T16:56:07.258Z"}}, {"model": "todo.todoitem", "pk": 165, "fields": {"content": "", "owner": "", "activity": 4, "client": 2, "done": true, "created_by": 1, "updated_by": 1, "created_at": "2022-05-19T16:56:07.772Z", "updated_at": "2022-05-19T16:56:07.771Z"}}, {"model": "todo.todoitem", "pk": 166, "fields": {"content": "", "owner": "", "activity": 4, "client": 2, "done": true, "created_by": 1, "updated_by": 1, "created_at": "2022-05-19T16:56:08.562Z", "updated_at": "2022-05-19T16:56:08.561Z"}}, {"model": "todo.todoitem", "pk": 167, "fields": {"content": "", "owner": "", "activity": 1, "client": 2, "done": true, "created_by": 1, "updated_by": 1, "created_at": "2022-05-20T13:48:24.077Z", "updated_at": "2022-05-20T13:48:24.077Z"}}, {"model": "todo.todoitem", "pk": 168, "fields": {"content": "", "owner": "", "activity": 9, "client": 2, "done": true, "created_by": 1, "updated_by": 1, "created_at": "2022-05-20T13:48:29.478Z", "updated_at": "2022-05-20T13:48:29.478Z"}}, {"model": "todo.todoitem", "pk": 169, "fields": {"content": "", "owner": "", "activity": 8, "client": 2, "done": true, "created_by": 1, "updated_by": 1, "created_at": "2022-05-20T13:48:32.239Z", "updated_at": "2022-05-20T13:48:32.239Z"}}, {"model": "todo.todoitem", "pk": 170, "fields": {"content": "", "owner": "", "activity": 2, "client": 1, "done": true, "created_by": 1, "updated_by": 1, "created_at": "2022-05-26T21:30:41.419Z", "updated_at": "2022-05-26T21:30:41.418Z"}}]